{"lib/assets/01.jpg":["lib/assets/01.jpg"],"lib/assets/02.jpg":["lib/assets/02.jpg"],"lib/assets/03.jpg":["lib/assets/03.jpg"],"lib/assets/04.jpg":["lib/assets/04.jpg"],"lib/assets/05.jpg":["lib/assets/05.jpg"],"lib/assets/06.jpg":["lib/assets/06.jpg"],"lib/assets/07.jpg":["lib/assets/07.jpg"],"lib/assets/08.jpg":["lib/assets/08.jpg"],"lib/assets/09.jpg":["lib/assets/09.jpg"],"lib/assets/10.jpg":["lib/assets/10.jpg"],"lib/assets/11.jpg":["lib/assets/11.jpg"],"lib/assets/4x-Survival.jpg":["lib/assets/4x-Survival.jpg"],"lib/assets/Blog-1.jpg":["lib/assets/Blog-1.jpg"],"lib/assets/Delivery-Networks.png":["lib/assets/Delivery-Networks.png"],"lib/assets/Diagnostic-Labs.png":["lib/assets/Diagnostic-Labs.png"],"lib/assets/Discovery-Through-Clinical-Trials.png":["lib/assets/Discovery-Through-Clinical-Trials.png"],"lib/assets/Group 4734.png":["lib/assets/Group 4734.png"],"lib/assets/NotoSans-Black.ttf":["lib/assets/NotoSans-Black.ttf"],"lib/assets/NotoSans-BlackItalic.ttf":["lib/assets/NotoSans-BlackItalic.ttf"],"lib/assets/NotoSans-Bold.ttf":["lib/assets/NotoSans-Bold.ttf"],"lib/assets/NotoSans-BoldItalic.ttf":["lib/assets/NotoSans-BoldItalic.ttf"],"lib/assets/NotoSans-ExtraBold.ttf":["lib/assets/NotoSans-ExtraBold.ttf"],"lib/assets/NotoSans-ExtraBoldItalic.ttf":["lib/assets/NotoSans-ExtraBoldItalic.ttf"],"lib/assets/NotoSans-ExtraLight.ttf":["lib/assets/NotoSans-ExtraLight.ttf"],"lib/assets/NotoSans-ExtraLightItalic.ttf":["lib/assets/NotoSans-ExtraLightItalic.ttf"],"lib/assets/NotoSans-Italic.ttf":["lib/assets/NotoSans-Italic.ttf"],"lib/assets/NotoSans-Light.ttf":["lib/assets/NotoSans-Light.ttf"],"lib/assets/NotoSans-LightItalic.ttf":["lib/assets/NotoSans-LightItalic.ttf"],"lib/assets/NotoSans-Medium.ttf":["lib/assets/NotoSans-Medium.ttf"],"lib/assets/NotoSans-MediumItalic.ttf":["lib/assets/NotoSans-MediumItalic.ttf"],"lib/assets/NotoSans-Regular.ttf":["lib/assets/NotoSans-Regular.ttf"],"lib/assets/NotoSans-SemiBold.ttf":["lib/assets/NotoSans-SemiBold.ttf"],"lib/assets/NotoSans-SemiBoldItalic.ttf":["lib/assets/NotoSans-SemiBoldItalic.ttf"],"lib/assets/NotoSans-Thin.ttf":["lib/assets/NotoSans-Thin.ttf"],"lib/assets/NotoSans-ThinItalic.ttf":["lib/assets/NotoSans-ThinItalic.ttf"],"lib/assets/NotoSans-regular.ttf":["lib/assets/NotoSans-regular.ttf"],"lib/assets/OFL.txt":["lib/assets/OFL.txt"],"lib/assets/Women-wellness.jpg":["lib/assets/Women-wellness.jpg"],"lib/assets/blog-2.jpg":["lib/assets/blog-2.jpg"],"lib/assets/blog-3.jpg":["lib/assets/blog-3.jpg"],"lib/assets/circle.png":["lib/assets/circle.png"],"lib/assets/early-detection-reach.png":["lib/assets/early-detection-reach.png"],"lib/assets/group.png":["lib/assets/group.png"],"lib/assets/line.jpg":["lib/assets/line.jpg"],"lib/assets/line2.png":["lib/assets/line2.png"],"lib/assets/logopic.png":["lib/assets/logopic.png"],"lib/assets/main-banner.jpg":["lib/assets/main-banner.jpg"],"lib/assets/pic1.png":["lib/assets/pic1.png"],"lib/assets/pic3.png":["lib/assets/pic3.png"],"lib/assets/qr.jpg":["lib/assets/qr.jpg"],"lib/assets/rename.png":["lib/assets/rename.png"],"lib/assets/risk.jpg":["lib/assets/risk.jpg"],"lib/assets/small-blog4.jpg":["lib/assets/small-blog4.jpg"],"lib/assets/small-blog5.jpg":["lib/assets/small-blog5.jpg"],"lib/assets/small-blog6.jpg":["lib/assets/small-blog6.jpg"],"lib/assets/violet.jpg":["lib/assets/violet.jpg"],"packages/cupertino_icons/assets/CupertinoIcons.ttf":["packages/cupertino_icons/assets/CupertinoIcons.ttf"]}